{
    "zenMode": false,
    "dockScale": 1.3151795922256098,
    "glassOpacity": 0.7992270865091463,
    "showTaskbar": true,
    "nightLightWarmth": 6500,
    "softwareDim": 0.0022270388719512193,
    "blurEnabled": false
}
