{
    "zenMode": false,
    "dockScale": 1.3151795922256098,
    "glassOpacity": 0.7992270865091463,
    "showTaskbar": true,
    "nightLightWarmth": 6498,
    "softwareDim": 0.00019054878048780488,
    "blurEnabled": false
}
